Catalog#,Artist,Title,Label,Format,Rating,Released,release_id,CollectionFolder,Date Added,Collection Media Condition,Collection Sleeve Condition,Collection Notes
"15P-002, 15P002","David Bazan, Sean Lane (3)",Rare Coins,"15 Passenger, 15 Passenger","LP, Ltd, Gol",,2018,11796829,Uncategorized,2019-02-25 18:20:34,,,
CAD 3014,The Breeders,Last Splash,4AD,"LP, Album, RE",,2018,11851708,Uncategorized,2019-03-02 08:37:09,,,
CAD3430,Merchandise (2),After The End,4AD,"LP, Ltd, Gre",,2014,6024108,Uncategorized,2019-03-03 14:51:46,,,
B0023882-01,Carly Rae Jepsen,E•MO•TION,"604 Records, School Boy Records, Interscope Records","LP, Album",,2015,7627683,Uncategorized,2019-03-02 08:17:21,,,
"abr0050, N11",13 & God,13 & God,"Anticon, Alien Transistor","2xLP, Album",,2005,1576528,Uncategorized,2019-02-25 16:17:20,,,
any 70,Connections (3),Private Airplane,Anyway Records,"LP, Album",,2013,4588937,Uncategorized,2019-03-02 05:35:58,,,
"A&C 001, A&C001",Broken Social Scene,You Forgot It In People,Arts & Crafts,"2xLP, Album, Ltd, RE, Pur",,2015,7551361,Uncategorized,2019-02-25 17:49:57,,,
A&C023,Feist,The Reminder,Arts & Crafts,"LP, Album",,2007,1552685,Uncategorized,2019-03-02 07:11:45,,,
055,Alkaline Trio,Maybe I'll Catch Fire,Asian Man Records,"LP, Album",,1999,1444420,Uncategorized,2019-02-25 17:32:04,,,
AM-034,Alkaline Trio,Goddamnit,Asian Man Records,"LP, Album, Hea",,1998,5545758,Uncategorized,2019-02-25 17:31:03,,,
AKR 014,Sufjan Stevens,Illinois,Asthmatic Kitty Records,"2xLP, Album, RM, CA",,2016,11076713,Uncategorized,2019-03-03 16:30:35,,,
2547746412,Kings Of Convenience,Quiet Is The New Loud,Astralwerks,"LP, Album, Ltd, RE",,2016,8365102,Uncategorized,2019-03-02 08:31:00,,,
ASW 59943,Hot Chip,Boy From School,Astralwerks,"12""",,2006,718057,Uncategorized,2019-03-02 07:30:05,,,
"ASW 18687, ASW 5099951868710, 5099951868710",Hot Chip,Made In The Dark,"Astralwerks, Astralwerks, Astralwerks","LP, Album",,2008,2438534,Uncategorized,2019-03-02 07:32:52,,,
571106-1,Cardi B,Invasion Of Privacy,Atlantic,"2xLP, Album",,2018,12896305,Uncategorized,2019-02-25 18:29:33,,,
BRC-993,Starfucker (2),Starfucker,Badman Recording Co.,"LP, Album, Ltd, Whi",,2008,1939174,Uncategorized,2019-03-03 16:40:42,,,
BAKO-4,Des Ark,Loose Lips Sink Ships,Bakery Outlet Records,"LP, Album",,2005,2238382,Uncategorized,2019-03-02 06:06:56,,,
BARK113LP,David Bazan,Strange Negotiations,Barsuk Records,"LP, Album",,2011,2890855,Uncategorized,2019-02-25 18:18:12,,,
BARK163LP,David Bazan,Blanco,Barsuk Records,"LP, Whi",,2016,8505124,Uncategorized,2019-02-25 18:21:02,,,
BARK167LP,Lo Tom,Lo Tom,Barsuk Records,"LP, Album",,2017,10553557,Uncategorized,2019-03-02 08:42:51,,,
BARK21LP,Death Cab For Cutie,The Photo Album,Barsuk Records,"LP, Album, RE, 180",,2014,6409168,Uncategorized,2019-03-02 06:02:49,,,
bark32lp,Death Cab For Cutie,Transatlanticism,Barsuk Records,"2xLP, Album, RE, 180",,2013,5047126,Uncategorized,2019-03-02 06:02:12,,,
bark41,Rilo Kiley,More Adventurous,Barsuk Records,"LP, Album",,2004,1310310,Uncategorized,2019-03-03 15:47:37,,,
BARK65LP,David Bazan,Fewer Moving Parts EP,Barsuk Records,"12"", EP, RE, RM",,2012,3968916,Uncategorized,2019-02-25 18:21:55,,,
BARK83LP,David Bazan,Curse Your Branches,Barsuk Records,"LP, Album",,2009,1960499,Uncategorized,2019-02-25 18:22:37,,,
BATHETIC 68,Angel Olsen,Half Way Home,Bathetic Records,"LP, Album",,2012,3849672,Uncategorized,2019-03-03 15:06:02,,,
BBQLP 252,The National,Boxer,Beggars Banquet,"LP, Album, Club, RE, S/Edition, Gra + 7"", Cle",,2017,10689734,Uncategorized,2019-03-03 15:01:14,,,
BBQLP 254,St. Vincent,Marry Me,Beggars Banquet,"LP, Album, RE",,0,11222585,Uncategorized,2019-03-03 16:35:26,,,
BMR310400D,Taylor Swift,Red,Big Machine Records,"2xLP, Album",,2012,4083204,Uncategorized,2019-03-03 16:48:03,,,
"0602547092687, BMRBD0500E",Taylor Swift,1989,"Big Machine Records, Big Machine Records","2xLP, Album, Gat",,2014,6379963,Uncategorized,2019-03-03 16:49:34,,,
BWR 7-90168-48552-7,Piebald,We Are The Only Friends We Have,Big Wheel Recreation,"LP, Album, Min",,2002,7381753,Uncategorized,2019-03-03 15:31:21,,,
BWR0429,Braid,Lucky To Be Alive,Big Wheel Recreation,"2xLP, Album, Gre",,2000,1772168,Uncategorized,2019-02-25 18:13:00,,,
"0946 3 76538 1 4, 50999502139 2 4",Interpol,Our Love To Admire,"Capitol Records, Capitol Records","2xLP, Album + CD, Album",,2007,1018815,Uncategorized,2019-03-02 08:14:50,,,
CT-193,Mac DeMarco,Salad Days,Captured Tracks,"LP, Album, Gat",,2014,5552990,Uncategorized,2019-03-02 05:51:50,,,
CAK 70,Cloud Nothings,Attack On Memory,Carpark Records,"LP, Album, 180",,2012,3370640,Uncategorized,2019-02-25 18:34:42,,,
CAK93,Speedy Ortiz,Real Hair,Carpark Records,"12"", EP, Ltd, Ora",,2014,5389997,Uncategorized,2019-03-03 16:28:31,,,
CLTD-1010,Thursday,Waiting: The 15th Anniversary ,Collect Records,"LP, Album, RE, RM, Tur + 7"", EP, Tur + Dlx",,2015,6817521,Uncategorized,2019-03-03 17:01:12,,,
88985387471,Solange (2),A Seat At The Table,"Columbia, Saint Records (6)","2xLP, Album",,2016,9466596,Uncategorized,2019-03-03 16:36:48,,,
44 71159,Destiny's Child,Lose My Breath,"Columbia, Sony Urban Music","12""",,2004,465121,Uncategorized,2019-03-02 06:03:23,,,
CST115-1,Ought,Sun Coming Down,Constellation,"LP, Album",,2015,7491987,Uncategorized,2019-03-03 15:08:14,,,
DOC050,Phosphorescent,Muchacho,Dead Oceans,"LP, Album",,2013,4394932,Uncategorized,2019-03-03 15:26:31,,,
DOC064,Bear In Heaven,"I Love You, It's Cool",Dead Oceans,"LP, Album, Gat",,2012,3523982,Uncategorized,2019-02-25 18:10:50,,,
"DOC084, HT071",Bear In Heaven,Time Is Over One Day Old,"Dead Oceans, Hometapes","LP, Album, Whi",,2014,5949782,Uncategorized,2019-02-25 18:11:33,,,
B0025134-01,Rihanna,Anti,Def Jam Recordings,"2xLP, Album",,2016,9155571,Uncategorized,2019-03-03 15:50:26,,,
B0025456-01,Rihanna,Talk That Talk,"Def Jam Recordings, SRP Records","LP, Album",,2017,10090463,Uncategorized,2019-03-03 15:51:08,,,
DIW#76,The Six Parts Seven,Everywhere And Right Here,Devil In The Woods,"LP, Album, Red",,2004,763183,Uncategorized,2019-03-03 16:16:28,,,
dfa2164,LCD Soundsystem,Sound Of Silver,DFA,"2xLP, Album, RE, Gat",,0,12060565,Uncategorized,2019-03-03 14:57:39,,,
DIS 123V,Q And Not U,No Kill No Beep Beep,Dischord Records,"LP, Album",,2000,1091525,Uncategorized,2019-03-03 15:43:43,,,
DIS133V,Q And Not U,Different Damage,Dischord Records,"LP, Album",,2002,625044,Uncategorized,2019-03-03 15:45:05,,,
DIS143V,Q And Not U,Power,Dischord Records,"LP, Album",,2004,611748,Uncategorized,2019-03-03 15:44:09,,,
DOG-047,The Get Up Kids,Four Minute Mile,Doghouse Records (2),"LP, Album, Ltd, Whi",,2016,7956317,Uncategorized,2019-03-02 07:13:13,,,
"DOG 066, dog 066 LP",The Get Up Kids,Something To Write Home About,"Doghouse Records (2), Doghouse Records (2)","LP, Album",,1999,1262915,Uncategorized,2019-03-02 07:15:21,,,
DNO 305,Real Estate (2),Days,Domino,"LP, Album, 180",,2011,3169563,Uncategorized,2019-03-03 15:45:33,,,
DNO328,Hot Chip,In Our Heads,Domino,"LP, Lav + LP, Yel + Album, Club, RE",,2015,7112398,Uncategorized,2019-03-02 07:33:25,,,
DNO328,Hot Chip,In Our Heads,Domino,"LP, Lav + LP, Yel + Album, Club, RE",,2015,7112398,Uncategorized,2019-03-02 07:35:02,,,
DNO889 / WIGLP272X,Dirty Projectors,Swing Lo Magellan,Domino,"LP, Album, Ltd, Tip",,2012,3743616,Uncategorized,2019-03-02 05:55:31,,,
RUG825T,Middle Kids,Middle Kids,Domino,"12"", EP",,2017,9814763,Uncategorized,2019-03-03 14:54:32,,,
RUG883T,Flasher (4),Flasher,Domino,"12"", EP, Ltd, RE, Ora",,2018,12171395,Uncategorized,2019-03-02 07:02:07,,,
WIGLP162VMP,Arctic Monkeys,"Whatever People Say I Am, That's What I'm Not",Domino,"LP, Album, Club, RE, Gra",,2018,11826116,Uncategorized,2019-02-25 16:54:22,,,
WIGLP295,Clinic,Free Reign,Domino,"LP, Album",,2012,4013748,Uncategorized,2019-03-02 05:28:48,,,
WIGLP304,Owen Pallett,In Conflict,Domino,"LP, Album, 180",,2014,5738321,Uncategorized,2019-03-03 15:25:53,,,
WIGLP306,Julia Holter,Loud City Song,Domino,"2xLP, Album, 180",,2013,4827997,Uncategorized,2019-03-02 07:57:33,,,
WIGLP313S,Hot Chip,Why Make Sense?,Domino,"LP, Album, 150",,2015,7027493,Uncategorized,2019-03-02 07:35:59,,,
WIGLP317,Arctic Monkeys,AM,Domino,"LP, Album, 180",,2013,4904158,Uncategorized,2019-02-25 16:53:02,,,
WIGLP322,Blood Orange (2),Cupid Deluxe,Domino,"2xLP, Album",,2013,5107143,Uncategorized,2019-02-25 17:58:38,,,
WIGLP339,Arctic Monkeys,Tranquility Base Hotel + Casino,Domino,"LP, Album, 180",,2018,11977353,Uncategorized,2019-02-25 16:51:45,,,
WIGLP340,Bob Moses (5),Days Gone By,Domino,"2xLP, Album",,2015,7485879,Uncategorized,2019-02-25 18:00:05,,,
WIGLP345,Panda Bear,Panda Bear Meets The Grim Reaper,Domino,"2xLP, Album, 150",,2015,6530979,Uncategorized,2019-03-03 15:25:10,,,
WIGLP350,Alex G (2),Beach Music,Domino,"LP, Album",,2015,7571438,Uncategorized,2019-03-02 07:00:45,,,
WIGLP369,Blood Orange (2),Freetown Sound,Domino,"2xLP, Album",,2016,8922743,Uncategorized,2019-02-25 17:58:23,,,
WIGLP370,Porches (3),Pool,Domino,"LP, Album",,2016,8069944,Uncategorized,2019-03-03 15:36:10,,,
WIGLP383,Bill Ryder-Jones,Yawn,Domino,"LP, Album",,2018,12768848,Uncategorized,2019-03-03 15:48:29,,,
WIGLP393,Avey Tare,Eucalyptus,Domino,"2xLP, Album, Tip",,2017,10590827,Uncategorized,2019-02-25 16:21:37,,,
WIGLP406,Porches (3),The House,Domino,"LP, Album, Ltd, Pal",,2018,11428375,Uncategorized,2019-03-03 15:39:51,,,
WIGLP413,Superorganism,Superorganism,Domino,"LP, Album",,2018,11686097,Uncategorized,2019-03-03 16:19:32,,,
WIGLP435XM,Cat Power,Wanderer,Domino,"LP, Album, Dlx, Ltd, Bab + 7"", Ltd, Cle",,2018,12612515,Uncategorized,2019-02-25 18:26:40,,,
"REWIGLP126X, REWIGLP126",Buzzcocks,Another Music In A Different Kitchen,"Domino, Domino","LP, Album, Dlx, Ltd, RE, RM, Sil",,2019,13112579,Uncategorized,2019-02-25 18:08:14,,,
"REWIGLP127X, REWIGLP127",Buzzcocks,Love Bites,"Domino, Domino","LP, Album, Dlx, Ltd, RE, RM, Whi",,2019,13112631,Uncategorized,2019-02-25 18:07:51,,,
"RUG914TXM, RUG914T",Protomartyr (2),Consolation E.P.,"Domino, Domino","12"", EP, Ltd, Yel",,2018,12139131,Uncategorized,2019-03-03 15:40:31,,,
"WIGLP394X, WIGLP394",Tirzah,Devotion,"Domino, Domino","LP, Album, Ltd, Whi",,2018,12363879,Uncategorized,2019-03-03 16:47:08,,,
"WIGLP399X, WIGLP399",Panda Bear,Buoys,"Domino, Domino","LP, Album, Ltd, Red",,2019,13182139,Uncategorized,2019-03-03 15:24:38,,,
"WIGLP400, WIGLP400XX",Middle Kids,Lost Friends,"Domino, Domino","LP, Album, Ltd, Lav",,2018,11950273,Uncategorized,2019-03-03 14:55:04,,,
"WIGLP401X, WIGLP401",The Fat White Family,Serfs Up!,"Domino, Domino","LP, Album, Ltd, Gol",,2019,13511590,Uncategorized,2019-04-28 07:35:32,,,
"WIGLP402X, WIGLP402",Protomartyr (2),Relatives In Descent,"Domino, Domino","LP, Album, Ltd, Blu",,2017,10913313,Uncategorized,2019-03-03 15:41:01,,,
"WIGLP415X, WIGLP415",Flasher (4),Constant Image,"Domino, Domino","LP, Album, Ltd, Cle",,2018,12105938,Uncategorized,2019-03-02 07:01:43,,,
"WIGLP417, WIGLP417XM",Julia Holter,Aviary,"Domino, Domino","2xLP, Album, Dlx, Ltd, Cle",,2018,12708419,Uncategorized,2019-03-02 07:57:19,,,
"WIGLP421XM, WIGLP421",Blood Orange (2),Negro Swan,"Domino, Domino","2xLP, Album, Dlx, Gol",,2018,12619264,Uncategorized,2019-02-25 17:57:30,,,
DG-112,Pinkwash,Collective Sigh,Don Giovanni Records,LP,,2016,8532243,Uncategorized,2019-03-03 15:21:03,,,
DG-125,RVIVR,RVIVR,Don Giovanni Records,"LP, Album, RM",,2016,9893401,Uncategorized,2019-03-03 15:54:31,,,
DG-94,Downtown Boys (2),Full Communism,Don Giovanni Records,LP,,2015,7111187,Uncategorized,2019-03-02 05:56:12,,,
DS037LP,Bill Ryder-Jones,If...,Double Six (2),LP,,2011,3335065,Uncategorized,2019-03-03 15:48:06,,,
DS114LP,George Fitzgerald,All That Must Be,Double Six (2),"2xLP, Album, 180",,2018,11705619,Uncategorized,2019-03-02 07:01:18,,,
ETR-023,Fairweather,Lusitania,Enjoy The Ride Records,"12"", Gre + 12"", Blu",,2013,4252117,Uncategorized,2019-03-02 07:07:42,,,
E 69630,Rage Against The Machine,The Battle Of Los Angeles,Epic,"LP, Album",,1999,395120,Uncategorized,2019-03-03 16:03:51,,,
"FE 37689, FMLN 2",The Clash,Combat Rock,"Epic, Epic","LP, Album, RP, Ter",,1982,7896666,Uncategorized,2019-02-25 18:34:00,,,
87379-1,Desaparecidos,Payola,Epitaph,"LP, Album, Dlx, Ltd",,2015,7202361,Uncategorized,2019-03-02 05:48:59,,,
EVR-54,Saves The Day,Through Being Cool,Equal Vision Records,"LP, Album",,1999,2330721,Uncategorized,2019-03-03 16:15:15,,,
EQR0001,Islands,Return To The Sea,Equator Records (2),"2xLP, Album, Ltd, Whi",,2006,1335493,Uncategorized,2019-03-02 08:10:38,,,
EVE006,Metric,"Old World Underground, Where Are You Now?",Everloving,"LP, Album, RE",,2015,7118571,Uncategorized,2019-03-03 14:55:41,,,
FP1265-1,Tennis (6),Young & Old,Fat Possum Records,"LP, Album",,2012,3408133,Uncategorized,2019-03-03 17:04:49,,,
FP1293-1,Youth Lagoon,Wondrous Bughouse,Fat Possum Records,"2xLP, Album",,2013,4333369,Uncategorized,2019-03-03 17:31:09,,,
FP1510-1,Youth Lagoon,Savage Hills Ballroom,Fat Possum Records,"LP, Album, Ltd, Gol",,2015,7366175,Uncategorized,2019-03-03 17:30:44,,,
"FP1255-1, FP1255-7",Youth Lagoon,The Year Of Hibernation,"Fat Possum Records, Fat Possum Records","LP, Album + 7"", Single",,2011,3020807,Uncategorized,2019-03-03 17:31:29,,,
FAT667-1,Against Me!,As The Eternal Cowboy,Fat Wreck Chords,"LP, Album",,2003,718894,Uncategorized,2019-02-25 17:27:48,,,
FAT744-1,Against Me!,Total Clarity,Fat Wreck Chords,"2x12"", Album",,2011,2926381,Uncategorized,2019-02-25 17:29:03,,,
FATLP135,Shopping (3),Consumer Complaints,FatCat Records,"LP, Album, RE",,2015,7328158,Uncategorized,2019-03-03 16:39:43,,,
FATLP139,Shopping (3),Why Choose,FatCat Records,"LP, Album, RP",,2016,8811929,Uncategorized,2019-03-03 16:39:25,,,
FATLP147,Shopping (3),The Official Body,FatCat Records,"LP, Album",,2018,11197850,Uncategorized,2019-03-03 16:38:34,,,
FD-052,Vagabon,Infinite Worlds,Father/Daughter Records,"LP, Album, Ltd, Met",,2017,10053550,Uncategorized,2019-03-03 17:12:28,,,
FR017,Radiator Hospital,Mall Of America,Forward Records (10),"10""",,2014,5782810,Uncategorized,2019-03-03 16:01:54,,,
F/NF 013,Invisible Hand,Invisible Hand,Funny / Not Funny Records,LP,,2010,2595425,Uncategorized,2019-03-02 08:15:16,,,
F/NF 022,Invisible Hand,Aja,Funny / Not Funny Records,"12"", EP",,2012,4076061,Uncategorized,2019-03-02 08:15:07,,,
00602547945396,Weezer,Weezer,Geffen Records,"LP, Album, RM, RP",,2016,9296301,Uncategorized,2019-03-03 17:23:33,,,
B0023128-01,Jimmy Eat World,Bleed American,"Geffen Records, UMe, Interscope Records","LP, Album, RE, 150",,2016,7943146,Uncategorized,2019-03-02 08:18:21,,,
006025479445419,Weezer,Pinkerton,"Geffen Records, Universal Music Group International","LP, Album, RE, 180",,2016,9680240,Uncategorized,2019-03-03 17:24:08,,,
GPLP010,Modest Mouse,Building Nothing Out Of Something,Glacial Pace,"LP, Comp, RE, 180",,2015,6882953,Uncategorized,2019-03-03 14:51:20,,,
GONE131,Nots,Cosmetic,Goner Records,"LP, Album",,2016,9064285,Uncategorized,2019-03-03 15:02:09,,,
GRAVE121,Des Ark,Everything Dies,Graveface Records,"LP, Album, Pin",,2015,7636004,Uncategorized,2019-03-02 06:04:16,,,
HAR-034,Hunx And His Punx,Too Young To Be In Love,Hardly Art,LP,,2011,2796566,Uncategorized,2019-03-02 07:56:55,,,
HAR-081,Protomartyr (2),Under Color Of Official Right ,Hardly Art,"LP, Album",,2014,5577189,Uncategorized,2019-03-03 15:41:42,,,
HAR-086,Chastity Belt,Time To Go Home,Hardly Art,"LP, Album",,2015,6918788,Uncategorized,2019-02-25 18:24:20,,,
HAR-091,Protomartyr (2),The Agent Intellect,Hardly Art,"LP, Album, Ltd, Gre",,2015,7561509,Uncategorized,2019-03-03 15:42:48,,,
SIR-21,The Bronzed Chorus,I'm The Spring,Hello Sir Records,"LP, Album, whi",,2009,2895944,Uncategorized,2019-02-25 17:38:30,,,
HLR003,Grass Widow,Internal Logic,HLR,"LP, Album",,2012,3626887,Uncategorized,2019-03-02 07:18:04,,,
IDIB38LP,Chromatics,Kill For Love,Italians Do It Better,"2xLP, Album, Ltd, Mag",,2012,3826876,Uncategorized,2019-03-02 05:38:39,,,
JT1035,The Promise Ring,Nothing Feels Good,Jade Tree,"LP, Album, RP, Whi",,1999,3381192,Uncategorized,2019-03-03 15:34:15,,,
JT1043,The Promise Ring,Very Emergency,Jade Tree,"LP, Album",,1999,2046458,Uncategorized,2019-03-03 15:34:52,,,
JT1046,Pedro The Lion,Winners Never Quit,Jade Tree,"LP, Album, Ltd, RE, RM",,2012,3972759,Uncategorized,2019-03-03 15:14:04,,,
JT1052,Jets To Brazil,Four Cornered Night,Jade Tree,"2xLP, Album, Whi",,2000,1640095,Uncategorized,2019-03-02 08:20:05,,,
JT1064,Pedro The Lion,The Only Reason I Feel Secure,Jade Tree,"12"", EP, Ltd, RE, RM",,2012,3972789,Uncategorized,2019-03-03 15:13:28,,,
JT1072,Pedro The Lion,Control,Jade Tree,"LP, Album, Ltd, Cok",,2002,1102037,Uncategorized,2019-03-03 15:19:34,,,
JT1073,Denali,Denali,Jade Tree,"LP, Album, Whi",,2002,2577376,Uncategorized,2019-03-02 06:01:09,,,
JT1079,Jets To Brazil,Perfecting Loneliness,Jade Tree,"2xLP, Album, Ora",,2002,1068487,Uncategorized,2019-03-02 08:20:48,,,
JT1095,Pedro The Lion,Achilles Heel,Jade Tree,"LP, Album, RE",,2018,12683615,Uncategorized,2019-03-03 15:18:56,,,
"JT1036, 82108-1SC",Cap'n Jazz,Analphabetapolothology,"Jade Tree, Epitaph","2xLP, Comp, RE, RP, 180",,2017,10914395,Uncategorized,2019-02-25 18:30:28,,,
"JT1038, 82101-1",Jets To Brazil,Orange Rhyming Dictionary,"Jade Tree, Epitaph","2xLP, Album, RE, 180",,2017,10984161,Uncategorized,2019-03-02 08:19:24,,,
"JT1063, 82186-1",Pedro The Lion,It's Hard To Find A Friend,"Jade Tree, Jade Tree","LP, Album, RE, RM",,2018,12049836,Uncategorized,2019-03-03 15:17:48,,,
JAG201,Sharon Van Etten,Tramp,Jagjaguwar,"LP, Album",,2012,3387096,Uncategorized,2019-03-03 17:16:24,,,
JAG244LP-C1,Angel Olsen,Burn Your Fire For No Witness,Jagjaguwar,"LP, Album, Ltd, Whi",,2014,8722463,Uncategorized,2019-03-03 15:04:16,,,
JAG255,Sharon Van Etten,Are We There,Jagjaguwar,"LP, Album",,2014,5732782,Uncategorized,2019-03-03 17:16:04,,,
JAG314LP,Angel Olsen,Phases,Jagjaguwar,"LP, Comp",,2017,11118079,Uncategorized,2019-03-03 15:06:43,,,
JAG322,Unknown Mortal Orchestra,Sex & Food,Jagjaguwar,"LP, Album",,2018,11768271,Uncategorized,2019-03-03 17:07:32,,,
"JAG284, JAG284LP-C1",Angel Olsen,My Woman,"Jagjaguwar, Jagjaguwar","LP, Album, Ltd, Pur",,2016,8980757,Uncategorized,2019-03-03 15:05:26,,,
JB-070,M. Ward,Transfiguration Of Vincent,Jealous Butcher Records,"LP, Album, RE, Tra",,2013,4335673,Uncategorized,2019-03-03 17:16:51,,,
JNR184,Lil Bub (2),Science & Magic,Joyful Noise Recordings,"LP, Ltd, Num, Pic",,2015,7851364,Uncategorized,2019-03-02 08:43:59,,,
"KRS 425, JB-053",The Decemberists,Picaresque,"Kill Rock Stars, Jealous Butcher Records","2xLP, Album, Ltd, RE, Red",,2015,6912262,Uncategorized,2019-03-02 06:00:40,,,
KPR 20,An Albatross,London:Live,Kitty Play Records,"12"", Album, Ltd",,2009,1978770,Uncategorized,2019-02-25 16:17:54,,,
B0019906-01,St. Vincent,St. Vincent,"Loma Vista, Republic Records","LP, Album",,2014,5433829,Uncategorized,2019-03-03 16:34:46,,,
LK310,Ted Leo / Pharmacists,Shake The Sheets,Lookout! Records,"LP, Album, RE",,2010,2934649,Uncategorized,2019-03-03 16:55:36,,,
LOV 021,Engine Down,To Bury Within The Sound,Lovitt Records,"LP, Album",,2000,1316009,Uncategorized,2019-03-02 06:59:57,,,
LOV 075,Des Ark,WXDU Vol. 3,Lovitt Records,"12"", RE, Cok",,2013,5087345,Uncategorized,2019-03-02 06:08:19,,,
LOV 42,Engine Down,Engine Down,Lovitt Records,"LP, Album, 180",,2004,2475924,Uncategorized,2019-03-02 06:59:39,,,
LOV064,Des Ark,"Don't Rock The Boat, Sink The Fucker",Lovitt Records,"LP, Album",,2011,2832316,Uncategorized,2019-03-02 06:06:44,,,
LOV53,Ben Davis And The Jetts / Des Ark,Battle Of The Beards,Lovitt Records,"LP, Album, Oli",,2007,2238448,Uncategorized,2019-03-02 06:05:24,,,
"MYS002, SWU011",The Velvet Teen,No Star,"MAKEYOUSICK, SWU Records","12"", EP, Ltd, Gre",,2010,2814346,Uncategorized,2019-03-03 17:13:21,,,
OLE 545-0,Interpol,Turn On The Bright Lights,Matador,"LP, Album, RE",,2014,6799508,Uncategorized,2019-03-02 08:13:05,,,
OLE 577-1,Arab Strap,Monday At The Hug & Pint,Matador,"LP, Album, 150",,2003,2116126,Uncategorized,2019-02-25 16:20:23,,,
OLE 616-0,Interpol,Antics,Matador,"LP, Album, RE, 120",,2010,3415175,Uncategorized,2019-03-02 08:12:04,,,
OLE 773-1,Cat Power,Sun,Matador,"2xLP, Album",,2012,4460698,Uncategorized,2019-02-25 18:27:23,,,
OLE-1092-1,Car Seat Headrest,Twin Fantasy,Matador,"2xLP, Album, GZ ",,2018,11601670,Uncategorized,2019-03-02 08:00:36,,,
OLE-1179-1,Snail Mail (2),Lush,Matador,"LP, Album",,2018,12100638,Uncategorized,2019-03-03 16:26:28,,,
ole-130-0,Pavement,Wowee Zowee,Matador,"LP + LP, S/Sided + Album, RE",,2016,9818877,Uncategorized,2019-03-03 15:27:15,,,
OLE-427-0,Cat Power,You Are Free,Matador,"LP, Album, RE, RM, 120",,2012,3703899,Uncategorized,2019-02-25 18:25:24,,,
OLE-1148-1,Courtney Barnett And Kurt Vile,Lotta Sea Lice,"Matador, Milk! Records, Marathon Artists, Mom + Pop","LP, Album",,2017,10984010,Uncategorized,2019-02-25 18:15:49,,,
OLE-1036-1,Savages (2),Silence Yourself,"Matador, Pop Noire","LP, Album",,2013,4595665,Uncategorized,2019-03-03 16:20:24,,,
MRG 345,Spoon,Got Nuffin,Merge Records,"12""",,2009,1885348,Uncategorized,2019-03-03 16:25:17,,,
MRG 346,Wye Oak,The Knot,Merge Records,"LP, Album",,2011,3180115,Uncategorized,2019-02-25 14:54:52,,,
MRG 394,Telekinesis (2),12 Desperate Straight Lines,Merge Records,"LP, Album",,2011,2767427,Uncategorized,2019-03-03 16:50:05,,,
MRG 411,Wild Flag,Wild Flag,Merge Records,"LP, Album",,2011,3101043,Uncategorized,2019-03-03 17:20:35,,,
MRG 456,Mount Moriah,Mount Moriah,Merge Records,"LP, Album",,2012,3911925,Uncategorized,2019-03-03 14:45:15,,,
MRG020,Superchunk,Tossing Seeds (Singles 89-91),Merge Records,"LP, Comp, RE, RM, 180",,2016,8393800,Uncategorized,2019-03-03 16:07:54,,,
MRG056,Polvo,Celebrate The New Dark Age,Merge Records,"12"", EP, Ltd, Num, RE, RM",,2008,1529842,Uncategorized,2019-03-03 15:28:41,,,
MRG129LP,Superchunk,Indoor Living,Merge Records,"LP, Album, RE, RM",,2014,5440821,Uncategorized,2019-03-03 16:08:36,,,
MRG163,Superchunk,Come Pick Me Up,Merge Records,"LP, Album, RE, RM, 180",,2015,7215935,Uncategorized,2019-03-03 16:08:19,,,
MRG165,Superchunk,No Pocky For Kitty,Merge Records,"LP, Album, RE, RM, 180",,2010,2476221,Uncategorized,2019-03-03 16:08:59,,,
MRG187,The Clientele,Suburban Light,Merge Records,"2xCD, Comp, RE",,2014,5719477,Uncategorized,2019-03-02 05:30:53,,,
MRG195,Spoon,Girls Can Tell,Merge Records,"LP, Album, RE, 180",,2008,1692383,Uncategorized,2019-03-03 16:24:53,,,
MRG218,Destroyer (4),This Night,Merge Records,"2xLP, Album, Ltd, RE",,2013,4493864,Uncategorized,2019-03-02 05:41:15,,,
mrg221,Superchunk,Cup Of Sand,Merge Records,"3xLP, Comp, RE, RM",,2017,10175133,Uncategorized,2019-03-03 16:09:35,,,
MRG225R,Portastatic,The Summer Of The Shark,Merge Records,"LP, Album, RE, Whi",,2014,6247814,Uncategorized,2019-03-03 15:12:13,,,
MRG238,Destroyer (4),Your Blues,Merge Records,"LP, Album, RE, 180",,2014,6355652,Uncategorized,2019-03-02 05:45:39,,,
MRG255,Arcade Fire,Funeral,Merge Records,"LP, Album, RE, 180",,2009,2093841,Uncategorized,2019-02-25 17:09:58,,,
MRG260,M. Ward,Transistor Radio,Merge Records,"LP, Album, RE, 180 + CD, EP",,2014,6363251,Uncategorized,2019-03-03 17:17:08,,,
MRG262,Teenage Fanclub,Man-Made,Merge Records,"LP, Album, RE, 180",,2014,5954128,Uncategorized,2019-03-03 17:06:01,,,
MRG268,Destroyer (4),Destroyer's Rubies,Merge Records,"2xLP, RE, RM, Whi",,2012,3651968,Uncategorized,2019-03-02 05:42:38,,,
MRG276LP,Camera Obscura,Let's Get Out Of This Country,Merge Records,"LP, Album",,2006,1526494,Uncategorized,2019-03-02 05:33:10,,,
MRG295,Spoon,Ga Ga Ga Ga Ga,Merge Records,"LP, Album, Ltd, RE, Red",,2014,5819509,Uncategorized,2019-03-03 16:26:04,,,
MRG326,Destroyer (4),Bay Of Pigs,Merge Records,"12"", EP, Ltd",,2009,2164905,Uncategorized,2019-03-02 05:39:11,,,
MRG341,Conor Oberst,Gentleman's Pact,Merge Records,"12"", EP, Ltd",,2008,1742146,Uncategorized,2019-03-03 15:10:38,,,
MRG344,Telekinesis (2),Telekinesis!,Merge Records,"LP, Album, RE",,2013,4842791,Uncategorized,2019-03-03 16:51:12,,,
MRG349,Conor Oberst And The Mystic Valley Band,Outer South,Merge Records,"2xLP, Album",,2009,1767849,Uncategorized,2019-03-03 15:11:28,,,
MRG360,Polvo,In Prism,Merge Records,"2xLP, Album, Gat",,2009,1969040,Uncategorized,2019-03-03 15:29:03,,,
MRG366,The Love Language,Libraries,Merge Records,"LP, Album",,2010,2551451,Uncategorized,2019-03-02 08:45:15,,,
MRG369,Destroyer (4),Kaputt,Merge Records,"2xLP, Album",,2011,2673671,Uncategorized,2019-03-02 05:43:59,,,
MRG371,Destroyer (4),City Of Daughters,Merge Records,"LP, Ltd, RE, Red",,2018,12037662,Uncategorized,2019-03-02 05:40:53,,,
MRG372,Destroyer (4),Thief,Merge Records,"LP, Album, Ltd, RE, Cre",,2018,12038099,Uncategorized,2019-03-02 05:40:06,,,
MRG388,Wye Oak,My Neighbor / My Creator,Merge Records,"12"", EP, Ltd, RE",,2012,4034190,Uncategorized,2019-03-03 17:27:05,,,
MRG392,Teenage Fanclub,Shadows,Merge Records,"LP, Album, RE, 180",,2014,5966904,Uncategorized,2019-03-03 17:05:54,,,
MRG400,Wye Oak,Civilian,Merge Records,"LP, Album, RTI",,2011,2769650,Uncategorized,2019-03-03 17:27:45,,,
MRG410,Polvo,Siberia,Merge Records,"LP, Album",,2013,4957703,Uncategorized,2019-03-03 15:27:34,,,
MRG418,Times New Viking,Dancer Equired!,Merge Records,LP,,2011,2899648,Uncategorized,2019-03-03 17:05:29,,,
MRG431,Hospitality,Hospitality,Merge Records,"LP, Album",,2012,3382140,Uncategorized,2019-03-02 07:55:58,,,
MRG436,The Love Language,Ruby Red,Merge Records,LP,,2013,4756596,Uncategorized,2019-03-02 08:45:03,,,
MRG444,Telekinesis (2),Dormarion,Merge Records,"LP, Album",,2013,4442179,Uncategorized,2019-03-03 16:50:53,,,
MRG447,Eleanor Friedberger,Personal Record,Merge Records,"LP, Album",,2013,4616319,Uncategorized,2019-03-02 07:08:05,,,
MRG460,Shout Out Louds,Optica,Merge Records,"LP, Album",,2013,4324022,Uncategorized,2019-03-03 16:21:37,,,
MRG463,Radar Bros.,Eight,Merge Records,"LP, Album, Ltd + CD, Album",,2013,4164882,Uncategorized,2019-03-03 16:04:13,,,
MRG464,Coco Hames,Coco Hames,Merge Records,"LP, Album, Ltd, Gre",,2017,10044928,Uncategorized,2019-03-02 08:04:37,,,
MRG465,William Tyler,Impossible Truth,Merge Records,"2xLP, Album",,2013,4392378,Uncategorized,2019-03-03 16:52:55,,,
MRG466,Mount Moriah,Miracle Temple,Merge Records,"LP, Album",,2013,4317563,Uncategorized,2019-03-03 14:45:34,,,
MRG470,Reigning Sound,Shattered,Merge Records,"LP, Album",,2014,5853470,Uncategorized,2019-03-03 16:05:51,,,
MRG471,Hospitality,Trouble,Merge Records,"LP, Album",,2014,5340564,Uncategorized,2019-03-02 07:56:09,,,
MRG474,She & Him,Volume 3,Merge Records,"LP, Album, Ltd, Rob",,2013,4540274,Uncategorized,2019-03-03 16:45:26,,,
MRG475,Mikal Cronin,MCII,Merge Records,"LP, Album",,2013,4537725,Uncategorized,2019-02-25 18:32:34,,,
MRG480,Superchunk,I Hate Music,Merge Records,"LP, Album, Ora + 7"", Whi + Ltd",,2013,4822828,Uncategorized,2019-03-03 16:09:54,,,
MRG481,The Mountain Goats,All Hail West Texas,Merge Records,"LP, Album, RE, RM",,2013,4748918,Uncategorized,2019-03-03 14:53:14,,,
MRG486,King Khan & His Shrines,Idle No More,Merge Records,"LP, Album",,2013,4885488,Uncategorized,2019-03-02 08:38:24,,,
MRG488,Caribou,Our Love,Merge Records,"LP, Album, 180",,2014,6148737,Uncategorized,2019-02-25 18:31:45,,,
MRG492,Teenage Fanclub,Here,Merge Records,"LP, Album, Ltd, Cle",,2016,8992655,Uncategorized,2019-03-03 17:06:16,,,
MRG494,Vertical Scratchers,Daughter Of Everything,Merge Records,"LP, Album",,2014,5479581,Uncategorized,2019-03-03 17:10:21,,,
MRG498,Destroyer (4),Five Spanish Songs,Merge Records,"12"", EP",,2013,5127566,Uncategorized,2019-02-25 14:53:43,,,
"MRG500, MRG501, MRG502, MRG503, MRG504,, MRG505, M",Various,"""Or Thousands Of Prizes"" Limited Edition 7-inch Subscription Box Set",Merge Records,"12"", EP + CD, Comp + 12x7"", Ltd, Num, box",,2014,7404445,Uncategorized,2019-03-03 15:07:19,,,
MRG518,William Tyler,Lost Colony,Merge Records,"12"", EP",,2014,5664830,Uncategorized,2019-03-03 16:53:23,,,
MRG519,David Kilgour And The Heavy Eights,End Times Undone,Merge Records,"LP, Album",,2014,5959629,Uncategorized,2019-03-02 08:29:58,,,
MRG521,Spider Bags,Frozen Letter,Merge Records,"LP, Album, Red",,2014,5938487,Uncategorized,2019-03-03 16:19:03,,,
MRG523,Hiss Golden Messenger,Lateness Of Dancers,Merge Records,"LP, Album",,2014,6040289,Uncategorized,2019-03-02 08:08:07,,,
MRG525,Ex Hex,Rips,Merge Records,"LP, Album",,2014,6152270,Uncategorized,2019-03-02 06:08:39,,,
MRG527,Titus Andronicus,The Most Lamentable Tragedy,Merge Records,"2xLP + 12"" + Album",,2015,7274080,Uncategorized,2019-02-25 14:52:08,,,
MRG530,HeCTA,The Diet,Merge Records,"LP, Album, Ltd, Red",,2015,7477566,Uncategorized,2019-03-02 08:07:48,,,
MRG536,Mount Moriah,How To Dance,Merge Records,"LP, Album, Ltd, Cok",,2016,8156777,Uncategorized,2019-03-03 14:46:04,,,
MRG537,Little Scream,Cult Following,Merge Records,"LP, Album, Ltd, Blu",,2016,8491279,Uncategorized,2019-03-03 14:56:10,,,
MRG538,The Twerps (2),Range Anxiety,Merge Records,"LP, Album",,2015,6573604,Uncategorized,2019-03-03 16:53:39,,,
MRG544,Telekinesis (2),Ad Infinitum,Merge Records,"LP, Album, Ltd, Whi",,2015,7486455,Uncategorized,2019-03-03 16:50:29,,,
MRG545,William Tyler,Modern Country,Merge Records,"LP, Album",,2016,8595436,Uncategorized,2019-03-03 17:06:37,,,
MRG549,Waxahatchee,Ivy Tripp,Merge Records,"LP, Album, Ltd, Whi",,2015,6859820,Uncategorized,2019-03-03 17:21:14,,,
MRG551,Benji Hughes,Songs In The Key Of Animals,Merge Records,"LP, Album",,2016,8050808,Uncategorized,2019-03-02 08:07:10,,,
MRG555,Mac McCaughan,Non-Believers,Merge Records,"LP, Album",,2015,6967162,Uncategorized,2019-03-03 15:00:26,,,
MRG562,A Giant Dog,Pile,Merge Records,"LP, Album",,2016,8520079,Uncategorized,2019-03-02 07:17:32,,,
MRG564,Wye Oak,Tween,Merge Records,"LP, Album",,2016,8842039,Uncategorized,2019-03-03 17:26:47,,,
MRG565,Spoon,Gimme Fiction,Merge Records,"2xLP, Album, Dlx, RE, RM, 180",,2015,7829258,Uncategorized,2019-03-03 16:22:31,,,
MRG569,Destroyer (4),Poison Season,Merge Records,"2xLP, Album, Ltd, Cle",,2015,7397293,Uncategorized,2019-03-02 05:44:47,,,
MRG571,Destroyer (4),My Mystery,Merge Records,"12""",,2016,8464352,Uncategorized,2019-03-02 05:44:23,,,
MRG572,Titus Andronicus,S+@dium Rock: Five Nights at the Opera,Merge Records,"LP, Album",,2016,8897946,Uncategorized,2019-03-03 16:52:16,,,
MRG577,Sneaks (4),Gymnastics,Merge Records,"LP, Album, RE",,2016,9069889,Uncategorized,2019-03-03 16:38:00,,,
MRG578,Sneaks (4),It's A Myth,Merge Records,"LP, Album, Ltd, Cle",,2017,10015476,Uncategorized,2019-03-03 16:37:48,,,
MRG584,Allison Crutchfield,Tourist In This Town,Merge Records,"LP, Album, Hot",,2017,9720282,Uncategorized,2019-03-02 05:28:10,,,
MRG585,Ibibio Sound Machine,Uyai,Merge Records,"LP, Album, Ltd, Blu",,2017,9901375,Uncategorized,2019-03-02 08:16:09,,,
MRG592,A Giant Dog,Toy,Merge Records,"LP, Album, Ltd, Lip",,2017,10740811,Uncategorized,2019-03-02 07:17:17,,,
MRG594,Waxahatchee,Out In The Storm,Merge Records,"LP + LP, Whi + Album, Dlx, Ltd",,2017,10553985,Uncategorized,2019-03-03 17:22:00,,,
MRG608,Ought,Room Inside The World,Merge Records,"LP, Album",,2018,11577980,Uncategorized,2019-03-03 15:07:59,,,
MRG615,Wye Oak,"The Louder I Call, The Faster It Runs",Merge Records,"LP, Album",,2018,11825968,Uncategorized,2019-03-03 17:26:34,,,
MRG617,Various,I Only Listen To The Mountain Goats: All Hail West Texas,Merge Records,"LP, Pin + LP, Blu + Album, Comp, Ltd",,2018,11807232,Uncategorized,2019-03-03 14:54:12,,,
mrg654,Swearin',Fall Into The Sun,Merge Records,"LP, Album, Ltd, Cok",,2018,12612486,Uncategorized,2019-03-03 16:18:34,,,
"MRG570, DOC107LP",Destroyer (4),Forces From Above,"Merge Records, Dead Oceans","12"", Single",,2015,7400142,Uncategorized,2019-03-02 05:39:50,,,
"MRG052, MRG 052",Breadwinner,Burner,"Merge Records, Merge Records","12"", Comp, Ltd",,2014,5612036,Uncategorized,2019-02-25 18:13:23,,,
"MRG075, MRG075-1, MRG075-2",The Magnetic Fields,The Wayward Bus / Distant Plastic Trees,"Merge Records, Merge Records, Merge Records","LP, Album, RE, RM + LP, Album, RE, RM + Comp, RE, ",,2016,9322543,Uncategorized,2019-03-03 14:50:10,,,
"MRG267, POINT017LP",The Clientele,Strange Geometry,"Merge Records, Pointy","LP, Album, RE",,2016,8490551,Uncategorized,2019-03-02 05:29:54,,,
MRG385,Arcade Fire,The Suburbs,"Merge Records, Sonovox Records","2xLP, Album, Gat",,2010,2380004,Uncategorized,2019-02-25 17:11:14,,,
MRG485A,Arcade Fire,Reflektor,"Merge Records, Sonovox Records","2xLP, Album, 180",,2013,5041370,Uncategorized,2019-02-25 16:55:17,,,
MEX 053,Best Coast,Crazy For You,Mexican Summer,"LP, Album",,2010,3229084,Uncategorized,2019-02-25 17:46:24,,,
MODVL172,Cut Copy,Bright Like Neon Love,Modular Recordings,"LP, Album",,2013,4491753,Uncategorized,2019-03-02 05:35:03,,,
MP160-1,Courtney Barnett,The Double EP: A Sea Of Split Peas,Mom + Pop,"2xLP, EP, Comp",,2014,6534663,Uncategorized,2019-02-25 18:16:31,,,
"MP221-1, none",Courtney Barnett,"Sometimes I Sit And Think, And Sometimes I Just Sit","Mom + Pop, Marathon Artists, House Anxiety Records, Milk! Records","LP, Album",,2015,6812151,Uncategorized,2019-02-25 18:16:15,,,
9420-1,A Place To Bury Strangers,Exploding Head,Mute,"LP, Album, Ltd, Cle",,2009,1957472,Uncategorized,2019-02-25 17:12:11,,,
ZEN140,Bonobo,Black Sands,Ninja Tune,"2xLP, Album, Ltd, 180",,2010,2191572,Uncategorized,2019-02-25 17:55:22,,,
ZEN236X,Bonobo,Migration,Ninja Tune,"2xLP, Album, Dlx, 180",,2017,9646658,Uncategorized,2019-02-25 17:56:57,,,
NIR-160,Alkaline Trio / Hot Water Music,Alkaline Trio / Hot Water Music,No Idea Records,"12"", EP, Pic, RE, Gol",,2012,4347829,Uncategorized,2019-02-25 17:34:42,,,
no idea 113,Planes Mistaken For Stars,Fuck With Fire,No Idea Records,"LP, Album, RP, Red",,2001,3666430,Uncategorized,2019-03-03 15:32:04,,,
NO IDEA 129,Against Me!,Reinventing Axl Rose,No Idea Records,"LP, Album, RP, Red",,2013,6869051,Uncategorized,2019-02-25 17:27:03,,,
NO IDEA 166,Planes Mistaken For Stars,Up In Them Guts,No Idea Records,"LP, Album",,2004,1316225,Uncategorized,2019-03-03 15:32:55,,,
KRI-002,Krill (4),Lucky Leaves,Not On Label,"LP, two",,2013,4870695,Uncategorized,2019-03-02 08:23:50,,,
NB-001,Mac McCaughan,Staring At Your Hologram,Not On Label,"LP, Ltd, Num, Tra",,2016,8110316,Uncategorized,2019-03-03 15:00:46,,,
659696448810,David Bazan,Care,Not On Label (David Bazan Self-released),"LP, Album",,2017,10362149,Uncategorized,2019-02-25 18:19:59,,,
none,David Bazan + Passenger String Quartet,Volume 1,Not On Label (David Bazan Self-released),"LP, Album",,2014,6070514,Uncategorized,2019-02-25 18:20:23,,,
"none, MT023",Potty Mouth,Hell Bent,"Old Flame Records, Marshall Teller Records","LP, Album, Ltd, Pin",,2013,5503530,Uncategorized,2019-03-03 15:23:09,,,
OM-009-01,Mutual Benefit,Love's Crushing Diamond,Other Music Recording Co.,"LP, Album, RE",,2014,5287859,Uncategorized,2019-03-03 14:49:16,,,
PDCD 019,The Velvet Teen,Cum Laude!,Pandacide,"LP, Album",,2006,3404985,Uncategorized,2019-03-03 17:14:07,,,
88985446751,Beyoncé,Lemonade,"Parkwood Entertainment, Columbia","2xLP, Album, Yel",,2017,10781508,Uncategorized,2019-02-25 18:01:02,,,
"7243 5 40504 1 1, 540 5041",Coldplay,A Rush Of Blood To The Head,"Parlophone, Parlophone","LP, Album, RE",,2002,5696646,Uncategorized,2019-02-25 18:31:26,,,
PTKF2109-1,Eagulls,Eagulls,Partisan Records,"LP, Album",,2014,5466148,Uncategorized,2019-03-02 06:10:22,,,
PTKF2134-1,Eagulls,Ullages,Partisan Records,"LP, Album",,2016,8514114,Uncategorized,2019-03-02 06:09:25,,,
PTKF2113-1,Sylvan Esso,Sylvan Esso,"Partisan Records, Trekky Records","LP, Album",,2014,5681803,Uncategorized,2019-03-03 16:17:20,,,
PFG134,Little Dragon,Machine Dreams,Peacefrog Records,"LP, Album, RE",,2015,7435975,Uncategorized,2019-03-02 08:44:45,,,
PE7,The Rosebuds,The Rosebuds Make Out,Pidgeon English,LP,,2003,1790117,Uncategorized,2019-03-03 15:55:01,,,
PRC - 336,Rainer Maria,S/T,Polyvinyl Record Company,"LP, Album, 180",,2017,10716968,Uncategorized,2019-03-03 16:05:31,,,
PRC-024-1,Rainer Maria,Look Now Look Again,Polyvinyl Record Company,"LP, Album",,1999,2208628,Uncategorized,2019-03-03 16:04:56,,,
PRC-057,Rainer Maria,Long Knives Drawn,Polyvinyl Record Company,"LP, RE, 180",,2018,12798215,Uncategorized,2019-03-03 16:05:15,,,
PRC-065-1,Mates Of State,Team Boo,Polyvinyl Record Company,"LP, Album",,2003,1337994,Uncategorized,2019-03-03 14:52:50,,,
PRC-209-1,Deerhoof,Deerhoof Vs. Evil,Polyvinyl Record Company,"LP, Album",,2011,2737387,Uncategorized,2019-03-02 05:53:38,,,
PRC-268,Of Montreal,Lousy With Sylvianbriar,Polyvinyl Record Company,"LP, Album, Pin",,2013,4976347,Uncategorized,2019-03-03 15:09:30,,,
PRC-282,Alvvays,Alvvays,Polyvinyl Record Company,"LP, Album, Blu",,2014,12561007,Uncategorized,2019-02-25 17:35:59,,,
PRC-333,Palehound,A Place I'll Always Go,Polyvinyl Record Company,"LP, Album, Ltd, Pin",,2017,10435103,Uncategorized,2019-03-03 15:35:13,,,
PRC-334,Alvvays,Antisocialites,Polyvinyl Record Company,"LP, Album, Yel",,2017,10814628,Uncategorized,2019-02-25 17:36:58,,,
PPR 022,John Vanderslice,Cellar Door,Post-Parlo Records,"LP, 180",,2004,3517643,Uncategorized,2019-03-03 17:08:04,,,
"PPR-005, RTS 019, FM-08",Potty Mouth,Sun Damage,"Puzzle Pieces Records, Ride The Snake, Feeble Minds Records","12""",,2012,3768185,Uncategorized,2019-03-03 15:21:21,,,
07863 68045-1,The Strokes,Is This It,RCA,"LP, Album, RE, RM, 180",,2014,6925275,Uncategorized,2019-03-03 16:41:36,,,
RBN041LP,Lower Dens,Escape From Evil,Ribbon Music,"LP, Album",,2015,6828342,Uncategorized,2019-03-02 08:45:51,,,
RBN082LPX ,John Maus,John Maus,Ribbon Music,"LP, Album, RM, Red + LP, Album, RM, Pin + LP, Albu",,2018,11858982,Uncategorized,2019-03-03 14:59:30,,,
RBN021,Django Django,Django Django,"Ribbon Music, Because Music","2xLP, Album, Ltd",,2012,4034179,Uncategorized,2019-03-02 05:54:34,,,
RT0001LP,Parquet Courts,Wide Awake!,Rough Trade,"LP, Album",,2018,12009384,Uncategorized,2019-03-03 15:11:51,,,
RFC 156,Hey Mercedes,Everynight Fire Works,Run For Cover Records (2),"2xLP, Album, Ltd, RM, Cle",,2016,8785162,Uncategorized,2019-03-02 08:09:41,,,
RTJ003LP,Run The Jewels,Run The Jewels 3,"Run The Jewels, Inc.","2xLP, Album, Gol",,2017,9653096,Uncategorized,2019-03-03 15:52:49,,,
LBJ 208,The Good Life,Novena On A Nocturn,Saddle Creek,"LP, Album, RE",,2015,6832420,Uncategorized,2019-03-02 07:19:25,,,
LBJ-102,Maria Taylor,Lynn Teeter Flower,Saddle Creek,"LP, Album, Gol",,2015,6914279,Uncategorized,2019-03-03 17:03:17,,,
LBJ-110,Georgie James,Places,Saddle Creek,"LP, Album",,2007,2255971,Uncategorized,2019-03-02 07:18:28,,,
lbj-126,Land Of Talk,Some Are Lakes,Saddle Creek,"LP, Album",,2008,2395015,Uncategorized,2019-03-02 08:40:41,,,
LBJ-180,The Faint,Danse Macabre,Saddle Creek,"2xLP, Album, RE, RM, 180 + CD, Album, RM + CD, Com",,2012,4018309,Uncategorized,2019-03-02 07:04:04,,,
LBJ-185,Cursive,The Ugly Organ,Saddle Creek,"LP, Album, RM + LP, Comp + Dlx, Ltd, 180",,2014,6289050,Uncategorized,2019-02-25 18:36:24,,,
LBJ-218,Hop Along,Painted Shut,Saddle Creek,"LP, Album",,2015,9658590,Uncategorized,2019-03-02 08:05:34,,,
LBJ-222,Hop Along,Get Disowned,Saddle Creek,"LP, Album, RE, Blu",,2016,8128092,Uncategorized,2019-03-02 08:06:26,,,
LBJ-233,Big Thief,Masterpiece,Saddle Creek,"LP, Album",,2016,8568768,Uncategorized,2019-02-25 17:59:38,,,
LBJ-255,Big Thief,Capacity,Saddle Creek,"LP, Album, Gat",,2017,10418995,Uncategorized,2019-02-25 17:59:16,,,
LBJ-258,Land Of Talk,Life After Youth,Saddle Creek,"LP, Album",,2017,10312859,Uncategorized,2019-03-02 08:41:22,,,
LBJ-263,Hop Along,"Bark Your Head Off, Dog",Saddle Creek,"LP, Album",,2018,11817163,Uncategorized,2019-03-02 08:06:01,,,
LBJ-31,Cursive,Domestica,Saddle Creek,"LP, Album, RE, RM, Red",,2009,2579249,Uncategorized,2019-02-25 18:35:05,,,
LBJ-32,Bright Eyes,Fevers And Mirrors,Saddle Creek,"2xLP, Album, RE, 180 + CD, Album",,2012,3531432,Uncategorized,2019-02-25 17:40:02,,,
LBJ-35,Cursive,Burst And Bloom,Saddle Creek,"12"", EP, RE, Tra",,2012,3985947,Uncategorized,2019-03-02 05:27:19,,,
LBJ-42,Desaparecidos,"Read Music, Speak Spanish",Saddle Creek,"LP, Album, RE, 180",,2015,9450468,Uncategorized,2019-03-02 05:49:44,,,
LBJ-43,The Good Life,Black Out,Saddle Creek,"LP, Album, RE, 180",,2015,6832307,Uncategorized,2019-03-02 07:18:47,,,
LBJ-46,Bright Eyes,"Lifted Or The Story Is In The Soil, Keep Your Ear To The Ground",Saddle Creek,"2xLP, Album",,2002,642535,Uncategorized,2019-02-25 17:43:00,,,
LBJ-47,Rilo Kiley,The Execution Of All Things,Saddle Creek,"LP, Album, RP, 180",,2007,5411566,Uncategorized,2019-03-03 15:46:47,,,
LBJ-51,Cursive,The Ugly Organ,Saddle Creek,"LP, Album, RE, Gre",,2003,741274,Uncategorized,2019-02-25 18:37:12,,,
LBJ-64,The Good Life,Album Of The Year,Saddle Creek,"2xLP, Album, RE",,2015,6832503,Uncategorized,2019-03-02 07:21:20,,,
LBJ-74,Maria Taylor,11:11,Saddle Creek,"LP, Album, RE, Blu",,2015,6914259,Uncategorized,2019-03-03 17:02:23,,,
"LBJ-143, LBJ-149",Land Of Talk,Cloak And Cipher,"Saddle Creek, Saddle Creek","LP, Album + 12"", S/Sided, EP, Etch",,2010,2460406,Uncategorized,2019-03-02 08:42:18,,,
SAL-044,Swearin',Swearin',Salinas Records,"LP, Album",,2012,3844345,Uncategorized,2019-03-03 16:18:22,,,
SC276,Dungeonesse,Dungeonesse,Secretly Canadian,"LP, Album",,2013,4589994,Uncategorized,2019-03-02 05:50:20,,,
SB169,Amanda X,Amnesia,Siltbreeze,"LP, Album",,2014,5997992,Uncategorized,2019-02-25 17:17:27,,,
"1-25186, 9 25186-1",Talking Heads,Stop Making Sense,"Sire, Sire","LP, Album, Spe",,1984,266652,Uncategorized,2019-03-03 17:04:15,,,
SPR-017,Snail Mail (2),Habit,Sister Polygon Records,"12"", EP",,2017,10572350,Uncategorized,2019-03-03 16:27:19,,,
SPR-021,Priests (2),Nothing Feels Natural,Sister Polygon Records,"LP, Album",,2017,9683120,Uncategorized,2019-03-03 15:29:52,,,
"SPR008, DG-84",Priests (2),Bodies And Control And Money And Power,"Sister Polygon Records, Don Giovanni Records","12""",,2014,5765173,Uncategorized,2019-03-03 15:29:39,,,
"Slow 019, PDCD 017",The Velvet Teen,Elysium,"Slowdance Records, Pandacide","2x10"", Album, Ltd",,2005,2061098,Uncategorized,2019-03-03 17:12:42,,,
001,Flesh Wounds,Flesh Wounds,Snot Releases,LP,,2014,5951227,Uncategorized,2019-03-02 07:09:35,,,
82796 90920 1,Beyoncé,B'Day,"Sony Urban Music, Columbia, Music World Music (2)","2xLP, Album, 180",,2006,1837994,Uncategorized,2019-02-25 18:02:22,,,
18534-1,Karate,Karate,Southern Records,"LP, Album",,1995,653483,Uncategorized,2019-03-02 08:25:35,,,
28124-1,Karate,595,Southern Records,"2xLP, Gat",,2007,1687645,Uncategorized,2019-03-02 08:24:25,,,
88875075121,Bully (10),Feels Like,"Startime International, Columbia","LP, Album",,2015,7138610,Uncategorized,2019-02-25 17:37:37,,,
SFR 009,Brandtson,Trying To Figure Each Other Out,Steadfast Records,LP,,2000,769163,Uncategorized,2019-02-25 18:13:59,,,
SP 1081,Chad VanGaalen,Shrink Dust,Sub Pop,"LP, Album",,2014,5658702,Uncategorized,2019-03-03 17:10:51,,,
SP 1103,Sleater-Kinney,Sleater-Kinney,Sub Pop,"LP, Album, RE, RM",,2014,7986320,Uncategorized,2019-03-03 16:42:17,,,
SP 1104,Sleater-Kinney,Call The Doctor,Sub Pop,"LP, Album, RE, RM",,2014,6216481,Uncategorized,2019-03-03 16:42:24,,,
SP 1105,Sleater-Kinney,Dig Me Out,Sub Pop,"LP, Album, RE, RM",,2014,6216489,Uncategorized,2019-03-03 16:42:50,,,
SP 1106,Sleater-Kinney,The Hot Rock,Sub Pop,"LP, Album, RE, RM",,2014,6216502,Uncategorized,2019-03-03 16:43:00,,,
SP 655,Wolf Parade,Apologies To The Queen Mary,Sub Pop,"LP, Album",,2005,1046869,Uncategorized,2019-03-03 17:26:03,,,
SP 703,The Thermals,The Body The Blood The Machine,Sub Pop,"LP, RE",,2013,5828699,Uncategorized,2019-03-03 16:51:50,,,
SP1100,Sleater-Kinney,No Cities To Love,Sub Pop,"LP, Album, Gat",,2015,6565242,Uncategorized,2019-03-03 16:44:18,,,
SP1206,Downtown Boys (2),Cost Of Living,Sub Pop,"LP, Album",,2017,10683035,Uncategorized,2019-03-02 05:56:51,,,
SP1206,Downtown Boys (2),Cost Of Living,Sub Pop,"LP, Album",,2017,10683035,Uncategorized,2019-03-02 05:57:09,,,
"SP 777, SP 781",Fleet Foxes,Fleet Foxes,"Sub Pop, Sub Pop","LP, Album + 12"", EP",,2008,1359927,Uncategorized,2019-03-02 07:09:14,,,
S 045,Headphones (2),Headphones,Suicide Squeeze,"LP, Album, Ltd, RE, RP, Whi",,2015,7057010,Uncategorized,2019-03-02 07:28:54,,,
S-026,Hella,Bitches Aint Shit But Good People,Suicide Squeeze,"12"", EP, Gre",,2003,1192114,Uncategorized,2019-03-02 08:04:07,,,
S-047,Minus The Bear,Menos El Oso,Suicide Squeeze,"LP, Album, Ltd, RE, Yel",,2015,7665388,Uncategorized,2019-03-03 14:48:30,,,
S-074,Minus The Bear,They Make Beer Commercials Like This,Suicide Squeeze,"12"", EP, RE, Cle",,2008,1387602,Uncategorized,2019-03-03 14:48:01,,,
S100,Various,Suicide Squeeze Records Presents:Forever Singles,Suicide Squeeze,"LP, Comp, Ltd, Num, Gre",,2014,5425529,Uncategorized,2019-03-03 16:27:54,,,
S149,David Bazan,Christmas Bonus,Suicide Squeeze,"12"", S/Sided, Etch, Ltd, Whi",,2016,9308889,Uncategorized,2019-02-25 18:19:19,,,
S150,David Bazan,Dark Sacred Night,Suicide Squeeze,"LP, Album, Ltd, Blu",,2016,9308769,Uncategorized,2019-02-25 18:18:39,,,
"TBD0001, 88088-21623-1",Radiohead,In Rainbows,"TBD Records, RED Distribution","LP, Album",,2008,1187003,Uncategorized,2019-03-03 16:00:08,,,
TR015,Solange (2),True,Terrible Records (2),"12"", EP",,2013,4174227,Uncategorized,2019-03-03 16:37:31,,,
TRLP038,Empress Of,Me,Terrible Records (2),"LP, Album",,2015,7421027,Uncategorized,2019-03-02 06:59:05,,,
THRILL 235,Future Islands,In Evening Air,Thrill Jockey,"LP, Album, RP",,2010,6913996,Uncategorized,2019-03-02 07:06:02,,,
THRILL186,The Sea And Cake,Everybody,Thrill Jockey,"LP, Album",,2007,977760,Uncategorized,2019-03-03 16:21:12,,,
TE 144,Haybaby,Sleepy Kids,Tiny Engines,"LP, Album, Whi",,2015,7799857,Uncategorized,2019-03-02 07:58:01,,,
TSR126,The Velvet Teen,All Is Illusory,Topshelf Records (2),"2xLP, Album, Ltd, Sil",,2015,7268207,Uncategorized,2019-03-03 17:14:30,,,
tg194,The Black Heart Procession,2,Touch And Go,"LP, Album",,1999,668060,Uncategorized,2019-02-25 18:15:08,,,
TG302,Ted Leo / Pharmacists,Living With The Living,Touch And Go,"2xLP, Album",,2007,1133426,Uncategorized,2019-03-03 16:54:38,,,
TRK043,Sylvan Esso,Hey Mami,Trekky Records,"12"", Single",,2013,4929567,Uncategorized,2019-03-03 16:17:52,,,
032161,Foxing,Nearer My God,"Triple Crown Records, Four Stock Records","2xLP, Album, Gol",,2018,12368635,Uncategorized,2019-03-02 07:02:51,,,
none,Brand New,Deja Entendu,"Triple Crown Records, Procrastinate! Music Traitors, Razor & Tie","2xLP, Album, RE, 180",,2015,6963308,Uncategorized,2019-02-25 18:07:20,,,
UP 006,Built To Spill,There's Nothing Wrong With Love,Up Records (5),"LP, Album, Ltd, RE, Cre",,2015,7640896,Uncategorized,2019-02-25 17:53:02,,,
UC-23,Stef Chura,Messes,Urinal Cake Records,"LP, Album",,2017,9749085,Uncategorized,2019-02-25 18:32:03,,,
CSDLP 1154,Saves The Day,Stay What You Are,Vagrant Records,"LP, Album",,2011,11133934,Uncategorized,2019-03-03 16:11:28,,,
VR4402,Hot Rod Circuit,Sorry About Tomorrow,Vagrant Records,"LP, Album, Ltd, RE, Whi",,2017,10270550,Uncategorized,2019-03-02 07:28:10,,,
VR4405,Alkaline Trio,From Here To Infirmary ,Vagrant Records,"LP, Album, RP, 180",,2017,9724993,Uncategorized,2019-02-25 17:33:40,,,
VR683,Active Child,You Are All I See,Vagrant Records,"LP, Album",,2011,3068811,Uncategorized,2019-02-25 17:16:32,,,
VR4413,Saves The Day,Ups & Downs: Early Recordings And B-Sides,"Vagrant Records, BMG","LP, Comp, Ltd, RE, 180",,2017,10970244,Uncategorized,2019-03-03 16:15:35,,,
"VR342, HV003",The Anniversary,Designing A Nervous Breakdown,"Vagrant Records, Heroes & Villains Records","LP, Album, Ltd, RE, Red",,2016,9299952,Uncategorized,2019-02-25 17:15:17,,,
"VR359, HV011",The Anniversary,Your Majesty,"Vagrant Records, Heroes & Villains Records","LP, Album",,2002,1611471,Uncategorized,2019-02-25 17:15:48,,,
"VR371, HV013",The Get Up Kids,On A Wire,"Vagrant Records, Heroes & Villains Records","LP, Album, Ltd, Pic",,2002,5024595,Uncategorized,2019-03-02 07:16:36,,,
VR145,Thursday,Full Collapse,Victory Records,"LP, Album, Ltd, RP, Whi",,2003,2588066,Uncategorized,2019-03-03 16:56:35,,,
VR176,Taking Back Sunday,Tell All Your Friends,Victory Records,"LP, Album, Ltd, RP, Ora",,2003,984326,Uncategorized,2019-03-03 17:01:56,,,
534901-1,Built To Spill,Live,Warner Bros. Records,"2xLP, Album, RE, RM",,2013,4491195,Uncategorized,2019-02-25 17:47:32,,,
WARP LP 156R,Battles,Mirrored,Warp Records,"2xLP, Album, RE, RP",,2016,8293471,Uncategorized,2019-02-25 18:12:24,,,
WARPLP182,Grizzly Bear,Veckatimest,Warp Records,"2xLP, Album",,2009,3408976,Uncategorized,2019-03-02 07:27:04,,,
WARPLP229,Grizzly Bear,Shields,Warp Records,"2xLP, Album",,2012,4074774,Uncategorized,2019-03-02 07:27:46,,,
"WARPLP136R, WARP LP136R",Broadcast,Tender Buttons,"Warp Records, Warp Records","LP, Album, RP",,2015,6733818,Uncategorized,2019-02-25 18:23:43,,,
WV-116,Ava Luna,Electric Balloon ,Western Vinyl,"LP, Album",,2014,5441972,Uncategorized,2019-02-25 17:18:13,,,
WV136,Ava Luna,Infinite House,Western Vinyl,"LP, Album",,2015,6904326,Uncategorized,2019-02-25 17:19:30,,,
WCR 005,Dads,Brown On Brown,Wharf Cat Records,LP,,2012,4321011,Uncategorized,2019-03-02 05:46:52,,,
WYRLP 0315,Royal Headache,High,What's Your Rupture?,"LP, Album",,2015,7363581,Uncategorized,2019-03-03 16:06:48,,,
"WYR ?0214, TUGS016",Life Without Buildings,Any Other City,"What's Your Rupture?, Tugboat Records","LP, Album + 7"", Single + Ltd",,2014,5595131,Uncategorized,2019-03-02 08:40:00,,,
WOODSIST072,Woods (2),With Light And With Love,Woodsist,"LP, Album",,2014,5586106,Uncategorized,2019-03-03 17:25:13,,,
XLLP 198,Ratatat,Classics,XL Recordings,"LP, Album, Gat",,2006,834957,Uncategorized,2019-03-03 15:56:12,,,
XLLP 318,Vampire Weekend,Vampire Weekend,XL Recordings,"LP, Album, M/Print",,2008,1245209,Uncategorized,2019-03-03 17:09:59,,,
XLLP556,Vampire Weekend,Modern Vampires Of The City,XL Recordings,"LP, Album, Ltd, Whi",,2013,4557616,Uncategorized,2019-03-03 17:08:31,,,
XLLP781,Radiohead,OK Computer,XL Recordings,"2xLP, Album, RE, RP",,2016,10596610,Uncategorized,2019-03-03 16:01:34,,,
XLLP785,Radiohead,Hail To The Thief,XL Recordings,"2x12"", Album, RE",,2016,8638748,Uncategorized,2019-03-03 15:58:54,,,
XLT652,Vampire Weekend,Step,XL Recordings,"12"", Single, Ltd, Whi",,2015,6938350,Uncategorized,2019-03-03 17:09:07,,,
"XL LP 450, YT031LP",The XX,XX,"XL Recordings, Young Turks","LP, Album",,2009,1976385,Uncategorized,2019-03-03 17:30:06,,,
YTLP060,SBTRKT,SBTRKT,Young Turks,"LP, Album",,2011,2959170,Uncategorized,2019-03-03 16:45:00,,,
YTLP158,Sampha,Process,Young Turks,"LP, Album + CD, Album",,2017,9751772,Uncategorized,2019-03-03 16:46:02,,,
